id,name,slug,release_date,median_output_tokens_per_second,median_time_to_first_token_seconds,median_time_to_first_answer_token,model_creator_id,model_creator_name,model_creator_slug,evaluations_artificial_analysis_intelligence_index,evaluations_artificial_analysis_coding_index,evaluations_artificial_analysis_math_index,evaluations_mmlu_pro,evaluations_gpqa,evaluations_hle,evaluations_livecodebench,evaluations_scicode,evaluations_math_500,evaluations_aime,evaluations_aime_25,evaluations_ifbench,evaluations_lcr,pricing_price_1m_blended_3_to_1,pricing_price_1m_input_tokens,pricing_price_1m_output_tokens
b5c1c91a-7474-4409-9a9c-9c2ac45d9eb6,GPT-4o mini,gpt-4o-mini,2024-07-18,63.107,0.461,0.461,e67e56e3-15cd-43db-b679-da4660a69f41,OpenAI,openai,24.3,23.1,45.3,0.648,0.426,0.04,0.234,0.229,0.789,0.117,0.147,0.31,,0.263,0.15,0.6
16c5b637-8bce-4252-81f2-1b87a36a4e4c,o3,o3,2025-04-16,222.519,13.957,13.957,e67e56e3-15cd-43db-b679-da4660a69f41,OpenAI,openai,67.1,59.7,94.8,0.853,0.827,0.2,0.784,0.41,0.992,0.903,0.883,0.714,0.693,3.5,2.0,8.0
4c111fbc-d13a-42b4-858c-1dc17fe3c1d1,Grok-1,grok-1,2024-03-17,,,,a1e3ddcf-d3e4-44a5-9e8f-029a69850875,xAI,xai,21.2,,,,,,,,,,,,,0.0,0.0,0.0
076f2674-bc4b-4925-be59-50832eb8c090,o3-mini (high),o3-mini-high,2025-01-31,155.663,44.17,44.17,e67e56e3-15cd-43db-b679-da4660a69f41,OpenAI,openai,55.5,56.6,92.2,0.802,0.773,0.123,0.734,0.398,0.985,0.86,,,,1.925,1.1,4.4
f0083258-8646-45b8-8082-7aaf6c2ea82a,gpt-oss-120B,gpt-oss-120b,2025-08-05,198.888,0.417,10.472,e67e56e3-15cd-43db-b679-da4660a69f41,OpenAI,openai,61.3,50.1,,0.808,0.782,0.185,0.639,0.362,,,0.934,0.69,0.507,0.263,0.15,0.6
36f73aaf-d38a-4b56-a2b3-d04d17186910,gpt-oss-20B,gpt-oss-20b,2025-08-05,261.216,0.416,8.072,e67e56e3-15cd-43db-b679-da4660a69f41,OpenAI,openai,49.0,53.7,,0.736,0.617,0.085,0.721,0.354,,,0.617,0.605,0.187,0.087,0.05,0.2
9f7c7566-a704-49a2-a383-cb3181da33a4,GPT-4.1 mini,gpt-4-1-mini,2025-04-14,93.798,0.412,0.412,e67e56e3-15cd-43db-b679-da4660a69f41,OpenAI,openai,42.2,44.3,67.8,0.781,0.664,0.046,0.483,0.404,0.925,0.43,,,,0.7,0.4,1.6
8eb02396-f231-4189-ae15-05f7facebd9b,GPT-5 nano,gpt-5-nano,2025-08-07,215.523,31.042,31.042,e67e56e3-15cd-43db-b679-da4660a69f41,OpenAI,openai,53.8,47.1,,0.772,0.67,0.076,0.603,0.338,,,0.783,0.659,0.4,0.138,0.05,0.4
84b49308-6b93-47aa-a4f6-776ee1a1e8cd,o4-mini (high),o4-mini,2025-04-16,123.123,41.632,41.632,e67e56e3-15cd-43db-b679-da4660a69f41,OpenAI,openai,65.0,63.5,96.4,0.832,0.784,0.175,0.804,0.465,0.989,0.94,0.907,0.687,0.55,1.925,1.1,4.4
7f3c9423-3ee3-4369-a6d9-3f2a40aff00e,GPT-5 (low),gpt-5-low,2025-08-07,199.422,16.84,16.84,e67e56e3-15cd-43db-b679-da4660a69f41,OpenAI,openai,63.4,57.0,90.9,0.86,0.808,0.184,0.749,0.391,0.987,0.83,0.83,0.666,0.587,3.438,1.25,10.0
72c358fd-7d45-4d68-89aa-699743710924,GPT-4.1 nano,gpt-4-1-nano,2025-04-14,116.033,0.395,0.395,e67e56e3-15cd-43db-b679-da4660a69f41,OpenAI,openai,29.9,29.3,54.2,0.657,0.512,0.039,0.326,0.259,0.848,0.237,,,,0.175,0.1,0.4
5e965af0-ca5c-4f47-9ba9-06000508b84a,GPT-5 (medium),gpt-5-medium,2025-08-07,161.097,42.535,42.535,e67e56e3-15cd-43db-b679-da4660a69f41,OpenAI,openai,67.5,55.4,95.4,0.867,0.842,0.235,0.696,0.411,0.991,0.917,0.917,0.706,0.728,3.438,1.25,10.0
48e50f00-1fd1-4acc-b337-61078aa341e6,GPT-5 (high),gpt-5,2025-08-07,75.396,83.918,83.918,e67e56e3-15cd-43db-b679-da4660a69f41,OpenAI,openai,69.0,54.9,97.5,0.871,0.854,0.265,0.668,0.429,0.994,0.957,0.943,0.731,0.756,3.438,1.25,10.0
3b608b70-6434-4baa-99ad-45d499703c67,GPT-4.1,gpt-4-1,2025-04-14,120.502,0.52,0.52,e67e56e3-15cd-43db-b679-da4660a69f41,OpenAI,openai,46.8,41.9,67.5,0.806,0.666,0.046,0.457,0.381,0.913,0.437,0.347,0.43,0.61,3.5,2.0,8.0
2dad8957-4c16-4e74-bf2d-8b21514e0ae9,o3-mini,o3-mini,2025-01-31,150.785,15.335,15.335,e67e56e3-15cd-43db-b679-da4660a69f41,OpenAI,openai,52.7,55.8,87.2,0.791,0.748,0.087,0.717,0.399,0.973,0.77,,,,1.925,1.1,4.4
ca04852c-eaae-4881-a208-f9b2ca3b7cd6,o3-pro,o3-pro,2025-06-10,23.133,98.441,98.441,e67e56e3-15cd-43db-b679-da4660a69f41,OpenAI,openai,67.5,,,,0.845,,,,,,,,,35.0,20.0,80.0
c3738fb0-3408-4430-a699-760ae4b70c93,GPT-5 (minimal),gpt-5-minimal,2025-08-07,124.447,0.993,0.993,e67e56e3-15cd-43db-b679-da4660a69f41,OpenAI,openai,43.8,47.3,61.4,0.806,0.673,0.054,0.558,0.388,0.861,0.367,0.317,0.456,0.25,3.438,1.25,10.0
515852e7-ba9c-4571-8cf9-82ad6b45f22f,PALM-2,palm-2,2023-05-10,,,,faddc6d9-2c14-445f-9b28-56726f59c793,Google,google,9.0,,,,,,,,,,,,,0.0,0.0,0.0
c3274a19-6d3c-4d01-ab9b-5055a0a40429,GPT-5 mini,gpt-5-mini,2025-08-07,116.765,21.706,21.706,e67e56e3-15cd-43db-b679-da4660a69f41,OpenAI,openai,63.7,54.9,,0.828,0.803,0.146,0.688,0.41,,,0.85,0.712,0.66,0.688,0.25,2.0
b4784397-aa28-411b-b011-9c4331bfa9c8,GPT-4o (ChatGPT),gpt-4o-chatgpt,2025-02-15,,,,e67e56e3-15cd-43db-b679-da4660a69f41,OpenAI,openai,28.6,,45.0,0.773,0.511,0.037,,0.334,0.797,0.103,,,0.53,7.5,5.0,15.0
976cc8ad-7904-4056-83c5-960181f47d5f,Llama 3.3 Instruct 70B,llama-3-3-instruct-70b,2024-12-06,122.415,0.375,0.375,e1694725-0192-4e54-b1b8-c97e816c6cbe,Meta,meta,31.2,27.4,53.6,0.713,0.498,0.04,0.288,0.26,0.773,0.3,0.077,0.471,0.15,0.58,0.58,0.64
45c87531-2d57-48e0-8012-202cd636189e,Llama 3.1 Instruct 405B,llama-3-1-instruct-405b,2024-07-23,33.148,0.638,0.638,e1694725-0192-4e54-b1b8-c97e816c6cbe,Meta,meta,29.3,30.2,45.8,0.732,0.515,0.042,0.305,0.299,0.703,0.213,,,,3.25,3.25,3.25
9ca71ac4-41c8-42c0-87dd-5704a9e5b94d,Llama 3.2 Instruct 90B (Vision),llama-3-2-instruct-90b-vision,2024-09-25,33.791,0.331,0.331,e1694725-0192-4e54-b1b8-c97e816c6cbe,Meta,meta,21.9,22.7,34.0,0.671,0.432,0.049,0.214,0.24,0.629,0.05,,,,0.541,0.535,0.56
5fb47ff6-a30e-4c2c-96f2-55e95a13390f,Llama 3.2 Instruct 11B (Vision),llama-3-2-instruct-11b-vision,2024-09-25,61.537,0.438,0.438,e1694725-0192-4e54-b1b8-c97e816c6cbe,Meta,meta,13.2,,30.5,0.464,0.221,0.052,0.11,,0.516,0.093,,,,0.105,0.105,0.105
adf9a85e-abc3-4f28-937b-db6655cc5238,Llama 4 Scout,llama-4-scout,2025-04-05,130.451,0.359,0.359,e1694725-0192-4e54-b1b8-c97e816c6cbe,Meta,meta,33.1,23.5,56.4,0.752,0.587,0.043,0.299,0.17,0.844,0.283,0.14,0.395,0.258,0.2,0.11,0.5
922c69c7-9037-43c6-8bcf-a1c555e7f3eb,Llama 4 Maverick,llama-4-maverick,2025-04-05,172.103,0.303,0.303,e1694725-0192-4e54-b1b8-c97e816c6cbe,Meta,meta,41.7,36.4,63.9,0.809,0.671,0.048,0.397,0.331,0.889,0.39,0.193,0.43,0.46,0.386,0.23,0.85
222fb320-6e55-4672-846a-b6d5a24a45f4,Gemma 3 4B Instruct,gemma-3-4b,2025-03-12,,,,faddc6d9-2c14-445f-9b28-56726f59c793,Google,google,13.5,9.3,41.5,0.417,0.291,0.052,0.112,0.073,0.766,0.063,0.127,0.283,,0.025,0.02,0.04
2bfdd17a-e027-4068-a54e-b0e90a6df118,Gemma 3 27B Instruct,gemma-3-27b,2025-03-12,60.645,0.639,0.639,faddc6d9-2c14-445f-9b28-56726f59c793,Google,google,25.2,17.4,56.8,0.669,0.428,0.047,0.137,0.212,0.883,0.253,0.207,0.318,0.0,0.0,0.0,0.0
a8c67863-9d66-44dd-8d27-f58654ecde03,Gemma 3n E2B Instruct,gemma-3n-e2b,2025-06-26,57.761,0.282,0.282,faddc6d9-2c14-445f-9b28-56726f59c793,Google,google,10.4,7.4,39.1,0.378,0.229,0.04,0.095,0.052,0.691,0.09,,,,0.0,0.0,0.0
d1720545-d0a8-4c15-a53e-ef5ca99ac7ea,Gemma 3 1B Instruct,gemma-3-1b,2025-03-13,,,,faddc6d9-2c14-445f-9b28-56726f59c793,Google,google,1.1,1.2,24.2,0.135,0.237,0.052,0.017,0.007,0.484,0.0,,,,0.0,0.0,0.0
1d81aa1c-64c8-442a-9c41-81b37e407b91,Gemini 2.5 Flash-Lite,gemini-2-5-flash-lite,2025-06-17,296.319,0.308,0.308,faddc6d9-2c14-445f-9b28-56726f59c793,Google,google,34.7,28.9,71.3,0.724,0.474,0.037,0.4,0.177,0.926,0.5,,,,0.175,0.1,0.4
219ed587-60c5-4a48-9517-8480e08d0ca1,Gemini 2.5 Flash (Reasoning),gemini-2-5-flash-reasoning,2025-05-20,296.776,16.674,16.674,faddc6d9-2c14-445f-9b28-56726f59c793,Google,google,58.4,54.4,90.2,0.832,0.79,0.111,0.695,0.394,0.981,0.823,0.733,0.503,0.617,0.85,0.3,2.5
27202e5f-c82d-4710-92e9-4317877d4883,Gemini 2.5 Pro,gemini-2-5-pro,2025-06-05,143.758,38.145,38.145,faddc6d9-2c14-445f-9b28-56726f59c793,Google,google,64.6,61.5,92.7,0.862,0.844,0.211,0.801,0.428,0.967,0.887,0.877,0.487,0.66,3.438,1.25,10.0
2e6400f5-85ca-4ebc-ba8f-c2811a631138,Gemma 3 12B Instruct,gemma-3-12b,2025-03-12,,,,faddc6d9-2c14-445f-9b28-56726f59c793,Google,google,24.0,15.5,53.7,0.595,0.349,0.048,0.137,0.174,0.853,0.22,0.183,0.367,0.067,0.063,0.05,0.1
6afbfb62-27e4-435e-9c85-d9fe1b92519e,Gemini 2.5 Flash,gemini-2-5-flash,2025-05-20,257.814,0.312,0.312,faddc6d9-2c14-445f-9b28-56726f59c793,Google,google,47.3,39.3,71.6,0.809,0.683,0.051,0.495,0.291,0.932,0.5,0.603,0.39,0.459,0.85,0.3,2.5
f4e8194a-d0e6-48eb-92be-4307de5aeeec,Gemini 2.5 Flash-Lite (Reasoning),gemini-2-5-flash-lite-reasoning,2025-06-17,435.88,10.038,10.038,faddc6d9-2c14-445f-9b28-56726f59c793,Google,google,44.3,39.3,83.6,0.759,0.625,0.064,0.593,0.193,0.969,0.703,,,,0.175,0.1,0.4
a797eaf3-6d75-4f29-86a8-e1243ce52d43,Gemma 3n E4B Instruct,gemma-3n-e4b,2025-06-26,85.951,0.324,0.324,faddc6d9-2c14-445f-9b28-56726f59c793,Google,google,18.5,11.3,45.4,0.488,0.296,0.044,0.146,0.081,0.771,0.137,0.143,0.279,0.0,0.025,0.02,0.04
d034dafe-463d-4c50-956f-84fca657b26f,Claude 4 Sonnet,claude-4-sonnet,2025-05-22,97.854,1.185,1.185,f0aa413f-e8ae-4fcd-9c48-0e049f4f3128,Anthropic,anthropic,45.7,41.1,67.0,0.837,0.683,0.04,0.449,0.373,0.934,0.407,0.38,0.454,0.443,6.0,3.0,15.0
a7564055-f8ba-4c4b-9e2d-060f61263645,Claude 4 Sonnet (Extended Thinking),claude-4-sonnet-thinking,2025-05-22,58.158,0.955,35.344,f0aa413f-e8ae-4fcd-9c48-0e049f4f3128,Anthropic,anthropic,58.8,52.8,88.2,0.842,0.777,0.096,0.655,0.4,0.991,0.773,0.743,0.547,0.647,6.0,3.0,15.0
f2f60e3a-e5f5-4471-acd2-9f2f29c76007,Claude 4.1 Opus,claude-4-1-opus,2025-08-05,25.842,2.472,2.472,f0aa413f-e8ae-4fcd-9c48-0e049f4f3128,Anthropic,anthropic,49.0,,,,,,,,,,,,,30.0,15.0,75.0
504412c2-2ada-499b-aebf-7e0a35c9d286,Claude 4 Opus,claude-4-opus,2025-05-22,18.689,1.565,1.565,f0aa413f-e8ae-4fcd-9c48-0e049f4f3128,Anthropic,anthropic,46.6,47.5,75.2,0.86,0.701,0.059,0.542,0.409,0.941,0.563,0.363,0.433,0.36,30.0,15.0,75.0
8a4a5ead-7789-4389-8400-30e9d20370b7,Claude 4 Opus (Extended Thinking),claude-4-opus-thinking,2025-05-22,18.802,1.477,107.848,f0aa413f-e8ae-4fcd-9c48-0e049f4f3128,Anthropic,anthropic,55.3,51.7,86.9,0.873,0.796,0.117,0.636,0.398,0.982,0.757,0.733,0.537,0.337,30.0,15.0,75.0
ccbfa8c3-a762-480b-aade-34fb9697f98c,Claude 4.1 Opus (Extended Thinking),claude-4-1-opus-thinking,2025-08-05,,,,f0aa413f-e8ae-4fcd-9c48-0e049f4f3128,Anthropic,anthropic,61.0,,,,,,,,,,,,,30.0,15.0,75.0
27272c33-a688-4c3a-bf46-b0a1f51651d8,Ministral 8B,ministral-8b,2024-10-16,180.783,0.302,0.302,b5c0639a-cc9c-443b-a07e-bae6b7088933,Mistral,mistral,10.4,11.3,30.4,0.389,0.276,0.049,0.112,0.115,0.571,0.037,,,,0.1,0.1,0.1
459543f9-d14e-43c8-8a23-3fbfbb5f69ee,Ministral 3B,ministral-3b,2024-10-16,279.96,0.286,0.286,b5c0639a-cc9c-443b-a07e-bae6b7088933,Mistral,mistral,7.5,8.1,26.8,0.339,0.26,0.055,0.069,0.094,0.537,0.0,,,,0.04,0.04,0.04
660965b2-66d2-49ee-a6b9-79a6ac47d3c0,Magistral Medium,magistral-medium,2025-06-10,150.632,0.392,13.669,b5c0639a-cc9c-443b-a07e-bae6b7088933,Mistral,mistral,37.6,41.2,80.9,0.753,0.679,0.095,0.527,0.297,0.917,0.7,0.403,0.251,0.0,2.75,2.0,5.0
0fec07d5-a9b2-407a-b5f8-5bf10bd86b59,Magistral Small,magistral-small,2025-06-10,210.842,0.318,9.804,b5c0639a-cc9c-443b-a07e-bae6b7088933,Mistral,mistral,36.0,37.8,83.8,0.746,0.641,0.072,0.514,0.241,0.963,0.713,0.413,0.248,0.0,0.75,0.5,1.5
fd83b089-139a-4445-8989-583993889b64,Codestral (Jan '25),codestral,2025-01-13,188.126,0.291,0.291,b5c0639a-cc9c-443b-a07e-bae6b7088933,Mistral,mistral,15.9,24.5,32.5,0.446,0.312,0.045,0.243,0.247,0.607,0.043,,,,0.45,0.3,0.9
9eae4ec4-61b8-48bc-9843-3edd506ae933,Devstral Small (Jul '25),devstral-small,2025-07-10,158.312,0.32,0.32,b5c0639a-cc9c-443b-a07e-bae6b7088933,Mistral,mistral,20.5,24.9,31.9,0.622,0.414,0.037,0.254,0.243,0.635,0.003,,,,0.15,0.1,0.3
59e22326-1bca-4432-a5fa-147fbe8854e7,Mistral Medium 3,mistral-medium-3,2025-05-07,57.239,0.387,0.387,b5c0639a-cc9c-443b-a07e-bae6b7088933,Mistral,mistral,38.6,36.5,67.3,0.76,0.578,0.043,0.4,0.331,0.907,0.44,0.303,0.393,0.28,0.8,0.4,2.0
43da3718-3d6e-40dd-901a-05664179ff7f,Mistral Small 3.2,mistral-small-3-2,2025-06-20,170.783,0.281,0.281,b5c0639a-cc9c-443b-a07e-bae6b7088933,Mistral,mistral,31.8,26.9,60.3,0.681,0.505,0.043,0.275,0.264,0.883,0.323,0.27,0.335,0.173,0.15,0.1,0.3
aba82268-2bb7-4a0f-80be-9b7722e2145b,Devstral Medium,devstral-medium,2025-07-10,114.9,0.371,0.371,b5c0639a-cc9c-443b-a07e-bae6b7088933,Mistral,mistral,31.3,31.5,38.7,0.708,0.492,0.038,0.337,0.294,0.707,0.067,0.047,0.299,0.287,0.8,0.4,2.0
a83f84b3-473a-4276-9ae1-8909da723159,DeepSeek R1 0528 (May '25),deepseek-r1,2025-05-28,20.842,3.322,99.283,58b835bf-4c87-4f87-a846-df4b692c6e7d,DeepSeek,deepseek,58.7,58.7,93.8,0.849,0.813,0.149,0.77,0.403,0.983,0.893,0.76,0.396,0.56,0.96,0.55,2.19
6000145b-0e3d-4fef-a55f-bcaac84803b2,DeepSeek R1 0528 Qwen3 8B,deepseek-r1-qwen3-8b,2025-05-29,91.98,0.725,22.469,58b835bf-4c87-4f87-a846-df4b692c6e7d,DeepSeek,deepseek,41.5,35.9,79.1,0.739,0.612,0.056,0.513,0.204,0.932,0.65,,,,0.065,0.055,0.095
98e3230e-cee1-4c19-b9f8-b6b6a826ca93,R1 1776,r1-1776,2025-02-18,,,,941fc0f0-1d4e-405a-95b2-2d49494e0e6c,Perplexity,perplexity,22.2,,,,,,,,0.954,,,,,3.5,2.0,8.0
5ea94a4a-55ac-4ea1-8898-2b3971e94af6,Grok 4,grok-4,2025-07-10,83.103,4.703,4.703,a1e3ddcf-d3e4-44a5-9e8f-029a69850875,xAI,xai,67.5,63.8,96.7,0.866,0.877,0.239,0.819,0.457,0.99,0.943,0.927,0.537,0.68,6.0,3.0,15.0
ec3b22e6-48ac-416a-b4ae-55565a4f3046,Grok 3 Reasoning Beta,grok-3-reasoning,,,,,a1e3ddcf-d3e4-44a5-9e8f-029a69850875,xAI,xai,45.6,,,,,,,,,,,,,0.0,0.0,0.0
ff9bc5e5-a02f-4270-983e-4b3f834f3363,Grok 3 mini Reasoning (high),grok-3-mini-reasoning,2025-02-19,208.798,0.733,10.311,a1e3ddcf-d3e4-44a5-9e8f-029a69850875,xAI,xai,58.0,55.1,96.3,0.828,0.791,0.111,0.696,0.406,0.992,0.933,0.847,0.459,0.503,0.35,0.3,0.5
2443ac9e-a3db-423d-accb-8963f6fb0a53,Grok 3,grok-3,2025-02-19,40.491,1.014,1.014,a1e3ddcf-d3e4-44a5-9e8f-029a69850875,xAI,xai,39.9,39.7,60.0,0.799,0.693,0.051,0.425,0.368,0.87,0.33,,,,6.0,3.0,15.0
2b884d9e-3898-49f7-8942-1def4d1a89d3,Grok 3 mini Reasoning (Low),grok-3-mini-reasoning-low,2025-02-19,160.315,0.665,13.14,a1e3ddcf-d3e4-44a5-9e8f-029a69850875,xAI,xai,,,,,,,,,,,,,,0.35,0.3,0.5
e58bbffd-fdc2-412a-b6d7-ca0e3f5d611a,Nova Premier,nova-premier,2025-04-30,91.835,0.871,0.871,bb5a4e55-7969-4ab4-8702-3b9fd6547dc2,Amazon,aws,34.8,29.8,50.5,0.733,0.569,0.047,0.317,0.279,0.839,0.17,0.173,0.362,0.3,5.0,2.5,12.5
ee708f92-374e-4123-b900-e22d7b2afc19,Phi-4,phi-4,2024-12-12,43.786,0.422,0.422,ef5ce458-9986-4652-915a-e31fac5506b0,Microsoft Azure,azure,27.9,24.6,47.7,0.714,0.575,0.041,0.231,0.26,0.81,0.143,0.18,0.235,0.0,0.219,0.125,0.5
2cd04201-2b6e-47ef-853e-7601f705f2a8,Phi-4 Multimodal Instruct,phi-4-multimodal,2025-02-26,22.433,0.334,0.334,ef5ce458-9986-4652-915a-e31fac5506b0,Microsoft Azure,azure,15.1,12.1,39.3,0.485,0.315,0.044,0.131,0.11,0.693,0.093,,,,0.0,0.0,0.0
eb689f7a-f210-4a87-b407-f249897f2764,Solar Pro 2 (Reasoning),solar-pro-2-reasoning,2025-07-09,119.52,1.265,17.999,64ff7f06-c6fb-42ea-ba24-9cd103ab2d61,Upstage,upstage,43.3,45.9,82.8,0.805,0.687,0.07,0.616,0.302,0.967,0.69,0.613,0.371,0.0,0.5,0.5,0.5
44db6283-aa82-4799-af4a-679fe0530845,Solar Pro 2,solar-pro-2,2025-07-09,133.371,1.226,1.226,64ff7f06-c6fb-42ea-ba24-9cd103ab2d61,Upstage,upstage,33.2,33.6,64.8,0.75,0.561,0.038,0.424,0.248,0.889,0.407,0.3,0.337,0.0,0.5,0.5,0.5
643791e1-941a-4bc4-b556-07349a7c4a70,MiniMax-Text-01,minimax-text-01,2025-01-14,37.128,0.994,0.994,a31a9071-6144-4dbb-92dc-2e02d653ecea,MiniMax,minimax,29.1,24.8,44.2,0.759,0.578,0.042,0.247,0.25,0.753,0.13,,,,0.425,0.2,1.1
385376b1-9815-47dd-83cc-85aac34f247d,MiniMax M1 40k,minimax-m1-40k,2025-06-17,21.442,1.339,94.616,a31a9071-6144-4dbb-92dc-2e02d653ecea,MiniMax,minimax,51.1,51.8,89.3,0.808,0.682,0.075,0.657,0.378,0.972,0.813,,,,0.825,0.4,2.1
9ca246a7-cf13-42c9-9182-5b5ad6b79026,MiniMax M1 80k,minimax-m1-80k,2025-06-17,18.593,1.262,108.831,a31a9071-6144-4dbb-92dc-2e02d653ecea,MiniMax,minimax,53.1,54.3,91.3,0.816,0.697,0.082,0.711,0.374,0.98,0.847,0.61,0.418,0.543,0.825,0.4,2.1
7393c56a-ec31-48e9-b804-c04f2d2cb641,Llama 3.1 Nemotron Instruct 70B,llama-3-1-nemotron-instruct-70b,2024-10-15,42.424,0.26,0.26,0c303112-430d-4367-a484-51defaa2e166,NVIDIA,nvidia,26.0,20.1,49.0,0.69,0.465,0.046,0.169,0.233,0.733,0.247,,,,0.165,0.12,0.3
cf095603-72b6-47f8-8ee1-09a42890f92a,Llama 3.1 Nemotron Ultra 253B v1 (Reasoning),llama-3-1-nemotron-ultra-253b-v1-reasoning,2025-04-07,41.782,0.687,48.554,0c303112-430d-4367-a484-51defaa2e166,NVIDIA,nvidia,46.4,49.4,84.9,0.825,0.728,0.081,0.641,0.347,0.952,0.747,0.637,0.382,0.073,0.9,0.6,1.8
c4c3b42f-e0f0-48ca-b6f9-b296e7697806,Llama 3.3 Nemotron Super 49B v1,llama-3-3-nemotron-super-49b,2025-03-18,,,,0c303112-430d-4367-a484-51defaa2e166,NVIDIA,nvidia,28.1,25.5,48.4,0.698,0.517,0.035,0.28,0.229,0.775,0.193,,,,0.0,0.0,0.0
1a8ba535-df18-459b-ad40-3199191296d7,Llama 3.3 Nemotron Super 49B v1 (Reasoning),llama-3-3-nemotron-super-49b-reasoning,2025-03-18,,,,0c303112-430d-4367-a484-51defaa2e166,NVIDIA,nvidia,40.5,28.0,77.1,0.785,0.643,0.065,0.277,0.282,0.959,0.583,,,,0.0,0.0,0.0
26c0b5df-efa7-470f-a65e-2d883329e493,Llama Nemotron Super 49B v1.5,llama-nemotron-super-49b-v1-5,2025-07-25,,,,0c303112-430d-4367-a484-51defaa2e166,NVIDIA,nvidia,26.9,26.4,45.3,0.692,0.481,0.043,0.29,0.238,0.77,0.137,,0.329,0.22,0.0,0.0,0.0
e1cfa926-9e2b-4a0d-8c31-48366a5041c5,Llama Nemotron Super 49B v1.5 (Reasoning),llama-nemotron-super-49b-v1-5-reasoning,2025-07-25,,,,0c303112-430d-4367-a484-51defaa2e166,NVIDIA,nvidia,52.4,54.2,92.2,0.814,0.748,0.068,0.737,0.348,0.983,0.86,0.767,0.37,0.34,0.0,0.0,0.0
b1fa84f8-1ed3-4124-b403-4655dafa4267,Llama 3.1 Nemotron Nano 4B v1.1 (Reasoning),llama-3-1-nemotron-nano-4b-reasoning,2025-05-20,,,,0c303112-430d-4367-a484-51defaa2e166,NVIDIA,nvidia,34.1,29.7,82.7,0.556,0.408,0.051,0.493,0.101,0.947,0.707,,,,0.0,0.0,0.0
441734a9-8901-4850-9bae-b474c370291f,Kimi K2,kimi-k2,2025-07-11,44.228,0.51,0.51,0a177021-87dd-4250-9a37-f01df196bfe0,Moonshot AI,moonshotai,48.6,36.5,83.2,0.824,0.766,0.07,0.556,0.175,0.971,0.693,0.57,0.415,0.51,1.075,0.6,2.5
2cff73da-4855-403c-afc9-5540feadcc15,Granite 3.3 Instruct 8B,granite-3-3-8b-instruct,2025-04-16,126.187,0.396,0.396,512ef1e4-e02e-4532-a5f2-d11a40962498,IBM,ibm,17.6,11.4,35.6,0.468,0.338,0.042,0.127,0.101,0.665,0.047,0.067,0.224,0.043,0.085,0.03,0.25
dbbcf240-a69e-4078-8f16-7c94c7a8c514,Reka Flash 3,reka-flash-3,2025-03-10,55.952,1.297,37.042,4571a280-f096-486f-b220-dffc3e522b0f,Reka AI,reka-ai,36.3,35.1,70.1,0.669,0.529,0.051,0.435,0.267,0.893,0.51,,,,0.35,0.2,0.8
b7726745-9c77-40c3-8452-974cb53d6fbc,DeepHermes 3 - Llama-3.1 8B Preview,deephermes-3-llama-3-1-8b-preview,2025-02-13,,,,0a2f41cc-2cbc-4949-be54-9fef1319d4a9,Nous Research,nous-research,4.0,8.8,10.9,0.365,0.27,0.043,0.085,0.091,0.218,0.0,,,,0.0,0.0,0.0
a8efb564-9d17-4d7f-8f43-e9110657ce21,DeepHermes 3 - Mistral 24B Preview,deephermes-3-mistral-24b-preview,2025-03-13,,,,0a2f41cc-2cbc-4949-be54-9fef1319d4a9,Nous Research,nous-research,18.4,21.1,32.1,0.58,0.382,0.039,0.195,0.228,0.595,0.047,,,,0.0,0.0,0.0
44b19b51-5367-4ef9-a2ff-2f90b89a0867,EXAONE 4.0 32B (Reasoning),exaone-4-0-32b-reasoning,2025-07-18,99.751,0.283,20.333,45157c16-fcbb-4110-b20f-7bca754b6554,LG AI Research,lg,50.7,54.5,91.0,0.818,0.739,0.105,0.747,0.344,0.977,0.843,0.8,0.363,0.14,0.7,0.6,1.0
2f60d80d-c3d3-4a43-bded-0557898c4618,EXAONE 4.0 32B,exaone-4-0-32b,,88.132,0.272,0.272,45157c16-fcbb-4110-b20f-7bca754b6554,LG AI Research,lg,40.1,36.2,70.5,0.768,0.628,0.049,0.472,0.252,0.939,0.47,,,,0.7,0.6,1.0
5d303dc9-c027-401f-9803-4e9aa3331007,GLM-4.5-Air,glm-4-5-air,2025-07-28,177.568,0.534,11.797,67437eb6-7dc1-4e93-befd-22c8b8ec2065,Z AI,zai,49.5,49.5,81.9,0.815,0.733,0.068,0.684,0.306,0.965,0.673,,,,0.425,0.2,1.1
1cf439b8-0cfd-47b2-9de2-9a2157e6762b,GLM-4.5,glm-4.5,2025-07-28,53.278,0.644,38.182,67437eb6-7dc1-4e93-befd-22c8b8ec2065,Z AI,zai,56.1,54.3,92.6,0.835,0.782,0.122,0.738,0.348,0.979,0.873,0.737,0.441,0.483,0.964,0.57,2.145
0f3ef2df-fb25-4ffd-8b78-f0432b633833,Aya Expanse 32B,aya-expanse-32b,2024-10-24,119.4,0.171,0.171,671d3708-c407-4b8f-b350-f728e4689d26,Cohere,cohere,8.0,14.3,22.4,0.377,0.23,0.045,0.137,0.149,0.449,0.0,,,,0.75,0.5,1.5
c44b9736-5853-4257-8190-b4f2a8601367,Aya Expanse 8B,aya-expanse-8b,2024-10-24,167.206,0.147,0.147,671d3708-c407-4b8f-b350-f728e4689d26,Cohere,cohere,3.8,7.4,16.0,0.312,0.247,0.051,0.07,0.078,0.321,0.0,,,,0.75,0.5,1.5
3bc32f13-5afa-4e28-bce1-10e57376686b,Command A,command-a,2025-03-13,169.432,0.218,0.218,671d3708-c407-4b8f-b350-f728e4689d26,Cohere,cohere,31.6,28.4,45.8,0.712,0.527,0.046,0.287,0.281,0.819,0.097,0.13,0.365,0.18,4.375,2.5,10.0
b4f14013-37dd-4c75-bd8a-378365d9ed77,Jamba 1.7 Mini,jamba-1-7-mini,2025-07-07,170.212,0.67,0.67,6216c686-bc60-4dbb-9f25-83e9dba803d1,AI21 Labs,ai21-labs,5.8,7.7,13.6,0.388,0.322,0.045,0.061,0.093,0.258,0.013,,,,0.25,0.2,0.4
78452c64-7303-4192-bca5-2d9ec5c623d4,Jamba 1.7 Large,jamba-1-7-large,2025-07-07,48.873,0.906,0.906,6216c686-bc60-4dbb-9f25-83e9dba803d1,AI21 Labs,ai21-labs,17.9,18.4,32.8,0.577,0.39,0.038,0.181,0.188,0.6,0.057,,,,3.5,2.0,8.0
f6ccbe1d-bd7e-484b-9795-18cc9f91552d,Qwen3 235B A22B 2507 (Reasoning),qwen3-235b-a22b-instruct-2507-reasoning,2025-07-25,,,,d874d370-74d3-4fa0-ba00-5272f92f946b,Alibaba,alibaba,63.6,60.6,96.2,0.843,0.79,0.15,0.788,0.424,0.984,0.94,0.91,0.512,0.67,2.625,0.7,8.4
3373245b-e6dc-4b66-a7b0-3f06f9b7bd46,Qwen3 235B A22B 2507 (Non-reasoning),qwen3-235b-a22b-instruct-2507,2025-07-21,,,,d874d370-74d3-4fa0-ba00-5272f92f946b,Alibaba,alibaba,50.7,44.2,84.8,0.828,0.753,0.106,0.524,0.36,0.98,0.717,0.717,0.461,0.312,1.225,0.7,2.8
093883ed-f5fc-443b-8e18-afbfb166699e,Qwen3 Coder 480B A35B,qwen3-coder-480b-a35b-instruct,2025-07-22,,,,d874d370-74d3-4fa0-ba00-5272f92f946b,Alibaba,alibaba,45.2,47.2,70.9,0.788,0.618,0.044,0.585,0.359,0.942,0.477,0.393,0.405,0.423,3.0,1.5,7.5
ceb4d610-d0a4-48c1-bea0-80ed76f1e5ca,QwQ 32B,qwq-32b,2025-03-05,55.037,0.562,45.822,d874d370-74d3-4fa0-ba00-5272f92f946b,Alibaba,alibaba,47.7,49.4,86.9,0.764,0.593,0.082,0.631,0.358,0.957,0.78,,,,0.487,0.35,0.825
da9fe224-8af3-46d7-a8c4-6220779c3f35,Qwen3 Coder 30B A3B,qwen3-coder-30b-a3b-instruct,2025-07-31,,,,d874d370-74d3-4fa0-ba00-5272f92f946b,Alibaba,alibaba,33.4,34.0,59.5,0.706,0.516,0.04,0.403,0.278,0.893,0.297,,,,0.9,0.45,2.25
7ec1065a-c90e-41e4-bd17-abb7042eed76,Qwen3 30B A3B 2507 (Non-reasoning),qwen3-30b-a3b-2507,2025-07-29,,,,d874d370-74d3-4fa0-ba00-5272f92f946b,Alibaba,alibaba,46.1,41.0,85.1,0.777,0.659,0.068,0.515,0.304,0.975,0.727,,,,0.35,0.2,0.8
5e0164b3-d902-4bcb-a1b2-83b4f4cd6143,Qwen3 30B A3B 2507 (Reasoning),qwen3-30b-a3b-2507-reasoning,2025-07-30,,,,d874d370-74d3-4fa0-ba00-5272f92f946b,Alibaba,alibaba,53.2,52.0,94.1,0.805,0.707,0.098,0.707,0.333,0.976,0.907,,,,0.75,0.2,2.4
5ad2f60f-ee05-49fd-85a0-cef69aa7cb7b,o1,o1,2024-12-05,185.081,15.661,15.661,e67e56e3-15cd-43db-b679-da4660a69f41,OpenAI,openai,51.7,51.9,84.7,0.841,0.747,0.077,0.679,0.358,0.97,0.723,,,,26.25,15.0,60.0
078f4dc8-5350-40a2-a5ea-e8359f795b70,o1-preview,o1-preview,2024-09-12,,,,e67e56e3-15cd-43db-b679-da4660a69f41,OpenAI,openai,49.3,,,,,,,,0.924,,,,,26.25,15.0,60.0
b515503d-4d65-4a3f-8a4a-6c731e2b079f,o1-mini,o1-mini,2024-09-12,236.985,7.504,7.504,e67e56e3-15cd-43db-b679-da4660a69f41,OpenAI,openai,43.3,44.9,77.4,0.742,0.603,0.049,0.576,0.323,0.944,0.603,,,,1.925,1.1,4.4
8c1be908-67b6-4cf4-ba08-83ddbe44fde3,GPT-4o (Aug '24),gpt-4o-2024-08-06,2024-08-06,77.147,0.549,0.549,e67e56e3-15cd-43db-b679-da4660a69f41,OpenAI,openai,29.4,,45.6,,0.521,0.029,0.317,,0.795,0.117,,,,4.375,2.5,10.0
e98e911e-9fb2-4a9a-826e-3d681d0cdca8,GPT-4o (May '24),gpt-4o-2024-05-13,2024-05-13,76.531,0.542,0.542,e67e56e3-15cd-43db-b679-da4660a69f41,OpenAI,openai,29.7,32.2,45.1,0.74,0.526,0.028,0.334,0.309,0.791,0.11,,,,7.5,5.0,15.0
76aa6af5-fdc6-4739-a300-983f14e74a67,GPT-4 Turbo,gpt-4-turbo,2023-11-06,48.371,0.886,0.886,e67e56e3-15cd-43db-b679-da4660a69f41,OpenAI,openai,27.5,30.5,44.3,0.694,,0.033,0.291,0.319,0.737,0.15,,,,15.0,10.0,30.0
c1045dc0-4fd3-4adb-9548-18763e0d051f,GPT-4o (Nov '24),gpt-4o,2024-11-20,129.543,0.503,0.503,e67e56e3-15cd-43db-b679-da4660a69f41,OpenAI,openai,29.6,32.1,45.5,0.748,0.543,0.033,0.309,0.333,0.759,0.15,0.06,0.343,0.0,4.375,2.5,10.0
037dec2f-51e8-4127-a1f1-85155dae7a1d,GPT-3.5 Turbo,gpt-35-turbo,2022-11-30,126.35,0.475,0.475,e67e56e3-15cd-43db-b679-da4660a69f41,OpenAI,openai,10.8,,,0.462,0.297,,,,0.441,,,,,0.75,0.5,1.5
4343afb1-c928-44c9-92e2-68fa1195b6f5,GPT-4o mini Realtime (Dec '24),gpt-4o-mini-realtime-dec-2024,2024-12-17,,,,e67e56e3-15cd-43db-b679-da4660a69f41,OpenAI,openai,,,,,,,,,,,,,,0.0,0.0,0.0
575498d6-60ec-466b-9372-fea19911fd07,"GPT-4o (March 2025, chatgpt-4o-latest)",gpt-4o-chatgpt-03-25,2025-03-27,215.924,0.409,0.409,e67e56e3-15cd-43db-b679-da4660a69f41,OpenAI,openai,39.5,39.6,61.0,0.803,0.655,0.05,0.425,0.366,0.893,0.327,0.257,,,7.5,5.0,15.0
5ce30d25-5353-45bb-bef9-6b87480ba3a2,GPT-4.5 (Preview),gpt-4-5,2025-02-27,,,,e67e56e3-15cd-43db-b679-da4660a69f41,OpenAI,openai,42.4,,,,,,,,,,,,,0.0,0.0,0.0
6a7c0e25-1dcb-4b15-8495-a8536a9da051,GPT-4,gpt-4,2023-03-14,32.35,0.74,0.74,e67e56e3-15cd-43db-b679-da4660a69f41,OpenAI,openai,24.6,,,,,,,,,,,,,37.5,30.0,60.0
e2e9ddc3-8c2d-4bf5-a60a-83a1afe61034,GPT-4o Realtime (Dec '24),gpt-4o-realtime-dec-2024,2024-12-17,,,,e67e56e3-15cd-43db-b679-da4660a69f41,OpenAI,openai,,,,,,,,,,,,,,0.0,0.0,0.0
e8d4100e-165b-4c5d-ac11-ac553590a334,o1-pro,o1-pro,2025-03-19,,,,e67e56e3-15cd-43db-b679-da4660a69f41,OpenAI,openai,45.6,,,,,,,,,,,,,262.5,150.0,600.0
466aecdb-3d96-4191-bc52-b3366db38851,Llama 3.1 Instruct 70B,llama-3-1-instruct-70b,2024-07-23,53.92,0.351,0.351,e1694725-0192-4e54-b1b8-c97e816c6cbe,Meta,meta,24.0,25.0,41.1,0.676,0.409,0.046,0.232,0.267,0.649,0.173,,,,0.76,0.76,0.76
739684ba-0f63-4e2a-b4ee-30741c9e9320,Llama 3.1 Instruct 8B,llama-3-1-instruct-8b,2024-07-23,221.642,0.286,0.286,e1694725-0192-4e54-b1b8-c97e816c6cbe,Meta,meta,19.0,12.4,29.8,0.476,0.259,0.051,0.116,0.132,0.519,0.077,0.043,0.286,0.157,0.1,0.1,0.1
71e8d48c-1920-4f27-8ea9-1f10becc615a,Llama 3.2 Instruct 3B,llama-3-2-instruct-3b,2024-09-25,153.697,0.486,0.486,e1694725-0192-4e54-b1b8-c97e816c6cbe,Meta,meta,7.4,6.7,27.8,0.347,0.255,0.052,0.083,0.052,0.489,0.067,,,,0.035,0.03,0.05
aa83359a-d804-4f0b-b5bf-dc637711c26f,Llama 3 Instruct 70B,llama-3-instruct-70b,2024-04-18,82.572,0.385,0.385,e1694725-0192-4e54-b1b8-c97e816c6cbe,Meta,meta,15.7,19.3,24.1,0.574,0.379,0.044,0.198,0.189,0.483,0.0,,,,0.84,0.725,0.84
fe11ab6c-a4dd-4c28-9fef-07da76d5ed14,Llama 65B,llama-65b,2023-02-24,,,,e1694725-0192-4e54-b1b8-c97e816c6cbe,Meta,meta,1.0,,,,,,,,,,,,,0.0,0.0,0.0
82879bb8-89fb-4adc-b519-315b8ef30b77,Llama 3 Instruct 8B,llama-3-instruct-8b,2024-04-18,103.665,0.375,0.375,e1694725-0192-4e54-b1b8-c97e816c6cbe,Meta,meta,9.5,10.8,25.0,0.405,0.296,0.051,0.096,0.119,0.499,0.0,,,,0.07,0.05,0.08
80f7860a-7665-4658-9f05-15bccf5f832f,Llama 3.2 Instruct 1B,llama-3-2-instruct-1b,2024-09-25,131.18,0.451,0.451,e1694725-0192-4e54-b1b8-c97e816c6cbe,Meta,meta,1.0,1.8,7.0,0.2,0.196,0.053,0.019,0.017,0.14,0.0,,,,0.053,0.053,0.055
ffd65ef7-fbdb-4145-98ae-b5d01cda770b,Llama 2 Chat 7B,llama-2-chat-7b,2023-07-18,133.106,0.558,0.558,e1694725-0192-4e54-b1b8-c97e816c6cbe,Meta,meta,13.9,0.1,2.9,0.164,0.227,0.058,0.002,0.0,0.059,0.0,,,,0.1,0.05,0.25
599da8e0-bd9c-4b38-a127-b50e371fbcf8,Llama 2 Chat 70B,llama-2-chat-70b,2023-07-18,,,,e1694725-0192-4e54-b1b8-c97e816c6cbe,Meta,meta,7.9,,16.1,0.406,0.327,0.05,0.098,,0.323,0.0,,,,0.0,0.0,0.0
6b08a75a-19ee-40b4-be33-133b8ef42f92,Llama 2 Chat 13B,llama-2-chat-13b,2023-07-18,,,,e1694725-0192-4e54-b1b8-c97e816c6cbe,Meta,meta,7.9,10.8,17.3,0.406,0.321,0.047,0.098,0.118,0.329,0.017,,,,0.0,0.0,0.0
c6a47d8a-7517-46e2-8383-329fe7241725,Gemini 2.0 Pro Experimental (Feb '25),gemini-2-0-pro-experimental-02-05,2025-02-05,43.755,18.419,18.419,faddc6d9-2c14-445f-9b28-56726f59c793,Google,google,38.4,33.0,64.1,0.805,0.622,0.068,0.347,0.312,0.923,0.36,,,,0.0,0.0,0.0
fddb72bd-60d3-41af-acc5-3df9a290eb8e,Gemini 2.0 Flash (experimental),gemini-2-0-flash-experimental,2024-12-11,185.297,0.31,0.31,faddc6d9-2c14-445f-9b28-56726f59c793,Google,google,35.5,27.5,60.5,0.782,0.636,0.047,0.21,0.34,0.911,0.3,,,,0.0,0.0,0.0
2ac96b67-f4f8-4c8c-ac08-c7510faa7bb9,Gemini 1.5 Pro (Sep '24),gemini-1-5-pro,2024-09-24,,,,faddc6d9-2c14-445f-9b28-56726f59c793,Google,google,33.6,30.6,55.3,0.75,0.589,0.049,0.316,0.295,0.876,0.23,,,,0.0,0.0,0.0
3de55b83-e02b-412e-8211-315bbebe3e94,Gemini 2.0 Flash-Lite (Preview),gemini-2-0-flash-lite-preview,2025-02-05,208.479,0.275,0.275,faddc6d9-2c14-445f-9b28-56726f59c793,Google,google,29.7,21.3,58.8,,0.542,0.044,0.179,0.247,0.873,0.303,,,,0.131,0.075,0.3
bcca0e70-7e80-4c07-b1fa-b33bcfb19e51,Gemini 2.0 Flash (Feb '25),gemini-2-0-flash,2025-02-05,190.018,0.34,0.34,faddc6d9-2c14-445f-9b28-56726f59c793,Google,google,37.8,33.4,63.0,0.779,0.623,0.053,0.334,0.333,0.93,0.33,0.217,0.402,0.283,0.175,0.1,0.4
41faf421-118b-465b-b170-d200776580d1,Gemini 1.5 Flash (Sep '24),gemini-1-5-flash,2024-09-24,,,,faddc6d9-2c14-445f-9b28-56726f59c793,Google,google,27.7,27.0,50.4,0.68,0.463,0.035,0.273,0.267,0.827,0.18,,,,0.0,0.0,0.0
8b6574d7-03ce-4847-882c-064467349a45,Gemma 2 27B,gemma-2-27b,2024-06-27,,,,faddc6d9-2c14-445f-9b28-56726f59c793,Google,google,20.1,20.2,41.9,0.575,0.357,0.037,0.279,0.125,0.541,0.297,,,,0.8,0.8,0.8
53082390-b2ac-408e-aa69-cc885b3984b4,Gemma 2 9B,gemma-2-9b,2024-06-27,,,,faddc6d9-2c14-445f-9b28-56726f59c793,Google,google,10.2,6.6,25.9,0.495,0.311,0.039,0.126,0.007,0.517,0.0,,,,0.2,0.2,0.2
94229066-9381-4ee1-bf70-a16d63756a6e,Gemini 1.5 Flash-8B,gemini-1-5-flash-8b,2024-10-03,,,,faddc6d9-2c14-445f-9b28-56726f59c793,Google,google,19.2,22.3,36.1,0.569,0.359,0.045,0.217,0.229,0.689,0.033,,,,0.0,0.0,0.0
7b269763-ecc0-41ef-aa29-47ef632ac065,Gemini 2.0 Flash-Lite (Feb '25),gemini-2-0-flash-lite-001,2025-02-25,204.064,0.266,0.266,faddc6d9-2c14-445f-9b28-56726f59c793,Google,google,30.3,21.8,57.5,0.724,0.535,0.036,0.185,0.25,0.873,0.277,,,,0.131,0.075,0.3
68c89ebf-779c-4445-9241-de964cd17355,Gemini 2.5 Flash Preview (Reasoning),gemini-2-5-flash-reasoning-04-2025,2025-04-17,,,,faddc6d9-2c14-445f-9b28-56726f59c793,Google,google,50.2,43.2,91.2,0.8,0.698,0.116,0.505,0.359,0.981,0.843,,,,0.988,0.15,3.5
62de31e8-a1a3-429c-b634-a2afccfd9363,Gemini 2.5 Pro Preview (Mar' 25),gemini-2-5-pro-03-25,2025-03-25,144.171,37.179,37.179,faddc6d9-2c14-445f-9b28-56726f59c793,Google,google,59.0,58.6,92.5,0.858,0.836,0.171,0.778,0.395,0.98,0.87,,,,3.438,1.25,10.0
55a3ebf6-6117-4cc1-8596-c6de6e552fd4,Gemini 2.5 Flash Preview,gemini-2-5-flash-04-2025,2025-04-17,,,,faddc6d9-2c14-445f-9b28-56726f59c793,Google,google,38.0,31.9,68.0,0.783,0.594,0.05,0.406,0.233,0.926,0.433,,,,0.263,0.15,0.6
ac48c49d-9e77-4394-ac4e-d1ee51fd5fee,Gemini 1.5 Flash (May '24),gemini-1-5-flash-may-2024,2024-05-14,,,,faddc6d9-2c14-445f-9b28-56726f59c793,Google,google,16.8,18.8,32.4,0.574,0.324,0.042,0.196,0.181,0.554,0.093,,,,0.0,0.0,0.0
16f2578b-1b28-4be3-b371-700c2677bcd6,Gemini 1.5 Pro (May '24),gemini-1-5-pro-may-2024,2024-05-15,,,,faddc6d9-2c14-445f-9b28-56726f59c793,Google,google,22.2,25.9,37.7,0.657,0.371,0.039,0.244,0.274,0.673,0.08,,,,0.0,0.0,0.0
bd2c3517-00d8-4ba5-a989-1f1e52f3ffab,Gemma 3n E4B Instruct Preview (May '25),gemma-3n-e4b-preview-0520,2025-05-20,,,,faddc6d9-2c14-445f-9b28-56726f59c793,Google,google,15.2,11.2,42.8,0.483,0.278,0.049,0.138,0.086,0.749,0.107,,,,0.0,0.0,0.0
2ae624ca-25b4-4cc8-8970-cdfdd3320691,Gemini 1.0 Ultra,gemini-1-0-ultra,2023-12-06,,,,faddc6d9-2c14-445f-9b28-56726f59c793,Google,google,15.6,,,,,,,,,,,,,0.0,0.0,0.0
dfeeb904-e784-4d5c-ad66-9400146b150b,Gemini 2.0 Flash Thinking Experimental (Dec '24),gemini-2-0-flash-thinking-exp-1219,2024-12-19,,,,faddc6d9-2c14-445f-9b28-56726f59c793,Google,google,23.3,,,,,,,,0.48,,,,,0.0,0.0,0.0
0399e614-5d46-484f-9183-e4f32d74e1c6,Gemini 2.0 Flash Thinking Experimental (Jan '25),gemini-2-0-flash-thinking-exp-0121,2025-01-21,,,,faddc6d9-2c14-445f-9b28-56726f59c793,Google,google,41.7,32.5,72.2,0.798,0.701,0.071,0.321,0.329,0.944,0.5,,,,0.0,0.0,0.0
8ddacd41-bf43-411b-aa30-43ebf0567dd8,Gemini 1.0 Pro,gemini-1-0-pro,2023-12-06,,,,faddc6d9-2c14-445f-9b28-56726f59c793,Google,google,8.5,11.7,20.5,0.431,0.277,0.046,0.116,0.117,0.403,0.007,,,,0.75,0.5,1.5
c43aa1f9-31bd-4a99-be70-84c5e6bd2e75,Qwen Chat 14B,qwen-chat-14b,2023-09-25,,,,d874d370-74d3-4fa0-ba00-5272f92f946b,Alibaba,alibaba,1.7,,,,,,,,,,,,,0.0,0.0,0.0
073b5329-c4b3-4f1f-8f97-4753aadf4398,Gemini 2.5 Pro Preview (May' 25),gemini-2-5-pro-05-06,2025-05-06,141.148,39.166,39.166,faddc6d9-2c14-445f-9b28-56726f59c793,Google,google,58.0,59.3,91.5,0.837,0.822,0.154,0.77,0.416,0.986,0.843,,,,3.438,1.25,10.0
0a603978-03b9-4f47-a273-2f7fd969be85,Claude 3.5 Sonnet (Oct '24),claude-35-sonnet,2024-10-22,77.941,1.337,1.337,f0aa413f-e8ae-4fcd-9c48-0e049f4f3128,Anthropic,anthropic,33.5,37.3,46.4,0.772,0.599,0.039,0.381,0.366,0.771,0.157,,,,6.0,3.0,15.0
aca9c1ad-fc86-49f3-a312-b1e517ea100c,Claude 3.5 Sonnet (June '24),claude-35-sonnet-june-24,2024-06-21,79.666,0.533,0.533,f0aa413f-e8ae-4fcd-9c48-0e049f4f3128,Anthropic,anthropic,28.8,,39.6,0.751,0.56,0.037,,0.316,0.695,0.097,,,,6.0,3.0,15.0
7829427f-f0e3-4f6d-a228-5fbf70dacc02,Claude 3 Opus,claude-3-opus,2024-03-04,28.192,0.969,0.969,f0aa413f-e8ae-4fcd-9c48-0e049f4f3128,Anthropic,anthropic,23.7,25.6,33.7,0.696,0.489,0.031,0.279,0.233,0.641,0.033,,,,30.0,15.0,75.0
033e4aa9-a556-4224-87b0-341ed1070257,Claude 3.5 Haiku,claude-3-5-haiku,2024-10-22,65.965,0.553,0.553,f0aa413f-e8ae-4fcd-9c48-0e049f4f3128,Anthropic,anthropic,23.3,29.4,37.7,0.634,0.408,0.035,0.314,0.274,0.721,0.033,,,,1.6,0.8,4.0
b2e68f0a-8f66-4e4c-9821-2b786cea601b,Claude 3 Sonnet,claude-3-sonnet,2024-03-04,,,,f0aa413f-e8ae-4fcd-9c48-0e049f4f3128,Anthropic,anthropic,16.0,20.2,23.0,0.579,0.4,0.038,0.175,0.229,0.414,0.047,,,,6.0,3.0,15.0
1fc54cef-d179-48b1-a27d-046874e9b208,Claude 3 Haiku,claude-3-haiku,2024-03-04,140.494,0.28,0.28,f0aa413f-e8ae-4fcd-9c48-0e049f4f3128,Anthropic,anthropic,12.1,17.0,20.2,,,,0.154,0.186,0.394,0.01,,,,0.5,0.25,1.25
83cb898e-05d9-4e4b-9de3-2d305014d923,Claude Instant,claude-instant,2023-03-14,65.914,0.555,0.555,f0aa413f-e8ae-4fcd-9c48-0e049f4f3128,Anthropic,anthropic,1.7,,13.2,0.434,0.33,0.038,0.109,,0.264,0.0,,,,1.2,0.8,2.4
13358187-4584-479c-ab43-5bcdf8f297a4,Claude 3.7 Sonnet (Extended Thinking),claude-3-7-sonnet-thinking,2025-02-24,88.835,1.333,13.772,f0aa413f-e8ae-4fcd-9c48-0e049f4f3128,Anthropic,anthropic,47.0,43.8,71.7,0.837,0.772,0.103,0.473,0.403,0.947,0.487,,,,6.0,3.0,15.0
9e141c0d-fc82-4e07-bb2e-fe0003bc030b,Claude 2.1,claude-21,2023-11-21,,,,f0aa413f-e8ae-4fcd-9c48-0e049f4f3128,Anthropic,anthropic,12.2,18.9,20.4,0.495,0.319,0.042,0.195,0.184,0.374,0.033,,,,12.0,8.0,24.0
ddc748d0-6a9b-466b-8d6c-68417980d56d,Claude 2.0,claude-2,2023-07-11,,,,f0aa413f-e8ae-4fcd-9c48-0e049f4f3128,Anthropic,anthropic,11.1,18.3,,0.486,0.344,,0.171,0.194,,0.0,,,,12.0,8.0,24.0
d925845d-39ad-4de3-8495-f176b79828c0,Claude 3.7 Sonnet (Standard),claude-3-7-sonnet,2025-02-24,80.561,1.12,1.12,f0aa413f-e8ae-4fcd-9c48-0e049f4f3128,Anthropic,anthropic,37.3,38.5,53.7,0.803,0.656,0.048,0.394,0.376,0.85,0.223,0.21,,,6.0,3.0,15.0
50f92d5f-f413-4c97-8dab-331101622a28,Mistral Large 2 (Nov '24),mistral-large-2,2024-11-18,49.318,0.39,0.39,b5c0639a-cc9c-443b-a07e-bae6b7088933,Mistral,mistral,27.0,29.2,42.3,0.697,0.486,0.04,0.293,0.292,0.736,0.11,,,,3.0,2.0,6.0
1b05e346-e86a-4a20-8feb-7da8c65a99aa,Mistral Large 2 (Jul '24),mistral-large-2407,2024-07-24,98.624,0.429,0.429,b5c0639a-cc9c-443b-a07e-bae6b7088933,Mistral,mistral,25.2,26.9,40.4,0.683,0.472,0.032,0.267,0.271,0.714,0.093,,,,3.0,2.0,6.0
de0beaf0-c951-487a-8eb4-3dd12e74122c,Pixtral Large,pixtral-large-2411,2024-11-18,73.392,0.439,0.439,b5c0639a-cc9c-443b-a07e-bae6b7088933,Mistral,mistral,26.1,27.6,39.2,0.701,0.505,0.036,0.261,0.292,0.714,0.07,,,,3.0,2.0,6.0
e5dd499f-c330-45ec-9ff0-a99209c82af7,Mistral Small 3,mistral-small-3,2025-01-30,199.081,0.277,0.277,b5c0639a-cc9c-443b-a07e-bae6b7088933,Mistral,mistral,23.9,24.4,39.8,0.652,0.462,0.041,0.252,0.236,0.715,0.08,,,,0.15,0.1,0.3
7c045ca0-b331-488d-af31-df0fd331dfd1,Mistral Small (Sep '24),mistral-small,2024-09-17,92.658,30.474,30.474,b5c0639a-cc9c-443b-a07e-bae6b7088933,Mistral,mistral,15.7,14.8,31.3,0.529,0.381,0.043,0.141,0.156,0.563,0.063,,,,0.3,0.2,0.6
ca6c1412-f3c1-4391-9231-f83a702aa7af,Mixtral 8x22B Instruct,mistral-8x22b-instruct,2024-04-17,58.383,0.367,0.367,b5c0639a-cc9c-443b-a07e-bae6b7088933,Mistral,mistral,14.4,16.8,27.2,0.537,0.332,0.041,0.148,0.188,0.545,0.0,,,,3.0,2.0,6.0
35d602fc-b8b8-4698-9f4d-f2ce11ca50e4,Mistral Small (Feb '24),mistral-small-2402,2024-02-26,165.895,0.279,0.279,b5c0639a-cc9c-443b-a07e-bae6b7088933,Mistral,mistral,11.0,12.3,28.4,0.419,0.302,0.044,0.111,0.134,0.562,0.007,,,,1.5,1.0,3.0
5e4e4590-a77e-4b66-95f8-f3960a1a7c68,Mistral Large (Feb '24),mistral-large,2024-02-26,,,,b5c0639a-cc9c-443b-a07e-bae6b7088933,Mistral,mistral,14.6,19.3,26.3,0.515,0.351,0.034,0.178,0.208,0.527,0.0,,,,6.0,4.0,12.0
3197f919-027c-4739-b8e1-c04e912c8a84,Pixtral 12B (2409),pixtral,2024-09-11,102.151,0.314,0.314,b5c0639a-cc9c-443b-a07e-bae6b7088933,Mistral,mistral,11.4,12.5,22.9,0.473,0.343,0.053,0.115,0.135,0.458,0.0,,,,0.15,0.15,0.15
265fff6b-44c0-4264-96b5-dca943ef0605,Mistral NeMo,mistral-nemo,2024-07-18,158.463,0.316,0.316,b5c0639a-cc9c-443b-a07e-bae6b7088933,Mistral,mistral,7.5,8.1,19.9,0.399,0.314,0.044,0.057,0.104,0.395,0.003,,,,0.15,0.15,0.15
3edcb2ed-6981-4f88-a556-563f7f8f00aa,Mixtral 8x7B Instruct,mixtral-8x7b-instruct,2023-12-11,71.461,0.356,0.356,b5c0639a-cc9c-443b-a07e-bae6b7088933,Mistral,mistral,4.8,4.7,15.0,0.387,0.292,0.045,0.066,0.028,0.299,0.0,,,,0.7,0.7,0.7
843c3155-6d57-48e1-80fd-d7481dedec29,Codestral-Mamba,codestral-mamba,2024-07-16,,,,b5c0639a-cc9c-443b-a07e-bae6b7088933,Mistral,mistral,1.6,12.1,12.0,0.209,0.21,0.054,0.133,0.108,0.24,0.0,,,,0.0,0.0,0.0
217b34ec-5920-4fc1-8886-6a70a324837d,Mistral 7B Instruct,mistral-7b-instruct,2023-09-27,124.939,0.302,0.302,b5c0639a-cc9c-443b-a07e-bae6b7088933,Mistral,mistral,1.0,3.5,6.1,0.245,0.177,0.043,0.046,0.024,0.121,0.0,,,,0.25,0.25,0.25
24ac5b00-5f03-4c47-8e37-522d1195383e,Mistral Small 3.1,mistral-small-3-1,2025-03-17,149.87,0.295,0.295,b5c0639a-cc9c-443b-a07e-bae6b7088933,Mistral,mistral,26.4,23.8,40.0,0.659,0.454,0.048,0.212,0.265,0.707,0.093,0.037,0.299,0.137,0.15,0.1,0.3
cc1fa238-1a76-486d-a997-22309275eadd,Devstral Small (May '25),devstral-small-2505,2025-05-21,97.329,0.388,0.388,b5c0639a-cc9c-443b-a07e-bae6b7088933,Mistral,mistral,22.7,25.2,37.5,0.632,0.434,0.04,0.258,0.245,0.684,0.067,,,,0.15,0.1,0.3
55c73488-1da5-4be6-9dd4-9dd2a421d0d0,Codestral (May '24),codestral-2405,2024-05-29,,,,b5c0639a-cc9c-443b-a07e-bae6b7088933,Mistral,mistral,8.4,21.5,17.7,0.331,0.255,0.051,0.213,0.218,0.354,0.0,,,,0.3,0.2,0.6
1f05af98-1ec6-4506-a0b8-57a8c9b63878,Mistral Medium,mistral-medium,2023-12-11,60.054,0.38,0.38,b5c0639a-cc9c-443b-a07e-bae6b7088933,Mistral,mistral,10.9,10.9,22.1,0.491,0.349,0.034,0.099,0.118,0.405,0.037,,,,4.088,2.75,8.1
7a7b52f6-fdef-4dae-9203-58c710ccc81d,Mistral Saba,mistral-saba,2025-02-17,97.268,0.306,0.306,b5c0639a-cc9c-443b-a07e-bae6b7088933,Mistral,mistral,22.6,,40.3,0.611,0.424,0.041,,0.241,0.677,0.13,,,,0.3,0.2,0.6
4a845d7b-a52d-43bb-80b7-b58c7a0c155e,DeepSeek R1 Distill Llama 70B,deepseek-r1-distill-llama-70b,2025-01-20,76.342,0.422,26.62,58b835bf-4c87-4f87-a846-df4b692c6e7d,DeepSeek,deepseek,37.4,28.9,80.2,0.795,0.402,0.061,0.266,0.312,0.935,0.67,,,,0.8,0.7,0.8
df95f83f-5ebb-466a-9d2d-b95efc8c012c,DeepSeek R1 Distill Qwen 32B,deepseek-r1-distill-qwen-32b,2025-01-20,35.176,1.245,58.102,58b835bf-4c87-4f87-a846-df4b692c6e7d,DeepSeek,deepseek,41.2,32.3,81.4,0.739,0.615,0.055,0.27,0.376,0.941,0.687,,,,0.3,0.3,0.3
43fc5506-c5ed-4dee-9b85-962bf7ae3986,DeepSeek V3 (Dec '24),deepseek-v3,2024-12-26,,,,58b835bf-4c87-4f87-a846-df4b692c6e7d,DeepSeek,deepseek,34.6,35.6,57.0,0.752,0.557,0.036,0.359,0.354,0.887,0.253,,,,0.477,0.27,1.1
b26ff709-1773-4595-ae44-78e0a5bac29c,DeepSeek R1 Distill Qwen 14B,deepseek-r1-distill-qwen-14b,2025-01-20,84.747,0.923,24.522,58b835bf-4c87-4f87-a846-df4b692c6e7d,DeepSeek,deepseek,38.2,30.7,80.8,0.74,0.484,0.044,0.376,0.239,0.949,0.667,,,,0.2,0.2,0.2
bc4579d2-9c46-46c3-ace0-454039bf21bb,DeepSeek-V2.5 (Dec '24),deepseek-v2-5,2024-12-10,,,,58b835bf-4c87-4f87-a846-df4b692c6e7d,DeepSeek,deepseek,23.9,,,,,,,,0.763,,,,,0.175,0.14,0.28
8f0a75d6-8d00-4c2e-bcd4-8e88a570a93c,DeepSeek-Coder-V2,deepseek-coder-v2,2024-06-17,,,,58b835bf-4c87-4f87-a846-df4b692c6e7d,DeepSeek,deepseek,17.3,,,,,,,,0.743,,,,,0.175,0.14,0.28
0e49fe2d-dd3c-4ae5-b56f-a1c89e14b89e,DeepSeek R1 Distill Llama 8B,deepseek-r1-distill-llama-8b,2025-01-20,56.593,0.796,36.137,58b835bf-4c87-4f87-a846-df4b692c6e7d,DeepSeek,deepseek,22.6,17.6,59.3,0.543,0.302,0.042,0.233,0.119,0.853,0.333,,,,0.04,0.04,0.04
7764d514-694f-444c-8d60-bdc6e24e223f,DeepSeek LLM 67B Chat (V1),deepseek-llm-67b-chat,2023-11-29,,,,58b835bf-4c87-4f87-a846-df4b692c6e7d,DeepSeek,deepseek,7.9,,,,,,,,,,,,,0.0,0.0,0.0
444cdb1e-bab8-42cd-938c-b2d7a93e2da1,DeepSeek R1 Distill Qwen 1.5B,deepseek-r1-distill-qwen-1-5b,2025-01-20,,,,58b835bf-4c87-4f87-a846-df4b692c6e7d,DeepSeek,deepseek,7.1,6.8,43.2,0.269,0.098,0.033,0.07,0.066,0.687,0.177,,,,0.0,0.0,0.0
8a24865b-90d9-4e2b-a2fd-6851c2e9d627,DeepSeek-V2.5,deepseek-v2-5-sep-2024,2024-09-06,,,,58b835bf-4c87-4f87-a846-df4b692c6e7d,DeepSeek,deepseek,23.3,,,,,,,,,,,,,0.175,0.14,0.28
75e1c197-f239-4361-a9d6-66dccfead236,DeepSeek V3 0324 (Mar '25),deepseek-v3-0324,2025-03-25,22.74,3.045,3.045,58b835bf-4c87-4f87-a846-df4b692c6e7d,DeepSeek,deepseek,44.0,38.1,73.1,0.819,0.655,0.052,0.405,0.358,0.942,0.52,0.41,0.41,0.41,0.477,0.27,1.1
0e34f05c-387e-4968-be15-ccec4a55d8c1,DeepSeek R1 (Jan '25),deepseek-r1-0120,2025-01-20,,,,58b835bf-4c87-4f87-a846-df4b692c6e7d,DeepSeek,deepseek,49.9,48.7,82.5,0.844,0.708,0.093,0.617,0.357,0.966,0.683,,,,2.0,1.35,3.0
2d19c2d1-062d-436e-b2c2-3d3ecad34acc,DeepSeek-V2-Chat,deepseek-v2,2024-05-06,,,,58b835bf-4c87-4f87-a846-df4b692c6e7d,DeepSeek,deepseek,11.1,,,,,,,,,,,,,0.175,0.14,0.28
c7327e6e-b27f-4b1b-859d-159a34e0ba1c,DeepSeek Coder V2 Lite Instruct,deepseek-coder-v2-lite,2024-06-17,,,,58b835bf-4c87-4f87-a846-df4b692c6e7d,DeepSeek,deepseek,8.4,14.8,,0.429,0.319,0.053,0.158,0.139,,,,,,0.0,0.0,0.0
1edc272c-d799-44d6-909a-bf3c1909a3a0,Sonar Reasoning Pro,sonar-reasoning-pro,2025-01-28,,,,941fc0f0-1d4e-405a-95b2-2d49494e0e6c,Perplexity,perplexity,50.7,,87.4,,,,,,0.957,0.79,,,,0.0,0.0,0.0
5ec4a0db-da66-4e46-9682-fceeed755ef8,Sonar,sonar,2025-01-21,102.388,2.231,2.231,941fc0f0-1d4e-405a-95b2-2d49494e0e6c,Perplexity,perplexity,32.4,26.2,65.2,0.689,0.471,0.073,0.295,0.229,0.817,0.487,,,,1.0,1.0,1.0
04751bd4-0c5d-416b-a5f2-83727c5bfcda,Sonar Reasoning,sonar-reasoning,2025-01-28,46.024,1.684,45.14,941fc0f0-1d4e-405a-95b2-2d49494e0e6c,Perplexity,perplexity,38.0,,84.6,,0.623,,,,0.921,0.77,,,,2.0,1.0,5.0
3435db18-9227-45a5-8e79-9546b14b5aaa,Sonar Pro,sonar-pro,2025-01-21,64.369,2.871,2.871,941fc0f0-1d4e-405a-95b2-2d49494e0e6c,Perplexity,perplexity,31.7,25.0,51.7,0.755,0.578,0.079,0.275,0.226,0.745,0.29,,,,6.0,3.0,15.0
a04f5b78-f397-4fd8-a2b1-00dcab50324c,Grok Beta,grok-beta,2024-08-13,,,,a1e3ddcf-d3e4-44a5-9e8f-029a69850875,xAI,xai,26.3,26.8,42.0,0.703,0.471,0.047,0.241,0.295,0.737,0.103,,,,0.0,0.0,0.0
291a510a-dcc0-40df-8a80-b3aa31900a6c,Grok 2 (Dec '24),grok-2-1212,2024-12-12,,,,a1e3ddcf-d3e4-44a5-9e8f-029a69850875,xAI,xai,28.0,27.6,45.6,0.709,0.51,0.038,0.267,0.285,0.778,0.133,,,,0.0,0.0,0.0
ec60e57e-76d3-42e3-a0e3-80662225a639,OpenChat 3.5 (1210),openchat-35,2023-12-18,,,,14b780e1-14fb-4aae-af03-ae2d99699bb1,OpenChat,openchat,7.7,,15.4,0.31,0.23,0.048,0.115,,0.307,0.0,,,,0.0,0.0,0.0
546ec53f-273c-4af7-b13f-b88c41f45905,Nova Pro,nova-pro,2024-12-03,,,,bb5a4e55-7969-4ab4-8702-3b9fd6547dc2,Amazon,aws,28.8,22.1,44.6,0.691,0.499,0.034,0.233,0.208,0.786,0.107,0.07,0.381,0.19,1.4,0.8,3.2
5c3dd927-48a3-4f3c-8045-9b135f62dfbb,Nova Lite,nova-lite,2024-12-03,246.688,0.346,0.346,bb5a4e55-7969-4ab4-8702-3b9fd6547dc2,Amazon,aws,24.5,15.3,43.6,0.59,0.433,0.046,0.167,0.139,0.765,0.107,0.07,0.341,0.177,0.105,0.06,0.24
344c6718-c573-41d4-9556-10287a3fa1fc,Nova Micro,nova-micro,2024-12-03,384.886,0.326,0.326,bb5a4e55-7969-4ab4-8702-3b9fd6547dc2,Amazon,aws,20.2,11.7,39.2,0.531,0.358,0.047,0.14,0.094,0.703,0.08,0.06,0.294,0.097,0.061,0.035,0.14
ded8d96e-835f-4359-947a-a4c3bb78e983,Phi-3 Mini Instruct 3.8B,phi-3-mini,2024-04-23,,,,ef5ce458-9986-4652-915a-e31fac5506b0,Microsoft Azure,azure,10.1,10.3,24.8,0.435,0.319,0.044,0.116,0.09,0.457,0.04,,,,0.0,0.0,0.0
865bca06-85ad-41e0-a657-7e64f2475bcf,Phi-3 Medium Instruct 14B,phi-3-medium,2024-05-21,52.916,0.403,0.403,ef5ce458-9986-4652-915a-e31fac5506b0,Microsoft Azure,azure,12.7,13.4,23.8,0.543,0.326,0.045,0.15,0.118,0.463,0.013,,,,0.297,0.17,0.68
9f873c2f-2c2d-4ccb-9e1b-71bf61b052be,Phi-4 Mini Instruct,phi-4-mini,2024-02-26,57.604,0.321,0.321,ef5ce458-9986-4652-915a-e31fac5506b0,Microsoft Azure,azure,14.2,11.7,36.3,0.465,0.331,0.042,0.126,0.108,0.696,0.03,,,,0.0,0.0,0.0
1299b9a8-af50-4742-a58b-24ff7eb48f9f,LFM 40B,lfm-40b,2024-09-30,159.477,0.158,0.158,5b1886c4-43ba-4007-b840-9d21a2b7d42c,Liquid AI,liquidai,9.7,8.3,25.2,0.425,0.327,0.049,0.096,0.071,0.48,0.023,,,,0.15,0.15,0.15
d97713f2-afa6-4f8d-b2f3-ac89a24c4d6c,Solar Mini,solar-mini,2024-01-25,95.337,1.112,1.112,64ff7f06-c6fb-42ea-ba24-9cd103ab2d61,Upstage,upstage,21.9,,,,,,,,0.331,,,,,0.15,0.15,0.15
432d6c36-8825-47f3-b4eb-58529cea346b,Solar Pro 2 (Preview),solar-pro-2-preview,2025-05-20,,,,64ff7f06-c6fb-42ea-ba24-9cd103ab2d61,Upstage,upstage,33.6,32.9,58.4,0.725,0.544,0.038,0.385,0.272,0.871,0.297,,,,0.0,0.0,0.0
8e78cf7a-5b76-4beb-beba-b99c6233b208,Solar Pro 2 (Preview) (Reasoning),solar-pro-2-preview-reasoning,2025-05-20,,,,64ff7f06-c6fb-42ea-ba24-9cd103ab2d61,Upstage,upstage,40.1,31.3,78.2,0.768,0.578,0.057,0.462,0.164,0.9,0.663,,,,0.0,0.0,0.0
1cb96708-f6c1-4668-9804-5db6ecac01ed,DBRX Instruct,dbrx,2024-03-27,,,,650e5ce8-a549-4207-bbd4-9c4815bc2d49,Databricks,databricks,7.7,10.6,15.5,0.397,0.331,0.066,0.093,0.118,0.279,0.03,,,,0.0,0.0,0.0
f73f4711-9c61-40a7-a258-b71c14727f53,Llama 3.1 Tulu3 405B,tulu3-405b,2025-01-30,,,,ab6c5270-d7b9-4c09-92fe-62662618c631,Allen Institute for AI,ai2,28.7,29.6,45.6,0.716,0.516,0.035,0.291,0.302,0.778,0.133,,,,0.0,0.0,0.0
a971b0c0-4c0f-484a-b018-e36b5be3409e,Reka Flash (Sep '24),reka-flash,2024-10-04,85.153,1.256,1.256,4571a280-f096-486f-b220-dffc3e522b0f,Reka AI,reka-ai,22.1,,,,,,,,0.529,,,,,0.35,0.2,0.8
7858ff51-9d8b-418e-9921-0ec635f9c877,Reka Core,reka-core,2024-04-15,50.173,1.348,1.348,4571a280-f096-486f-b220-dffc3e522b0f,Reka AI,reka-ai,22.4,,,,,,,,0.558,,,,,2.0,2.0,2.0
e235a9f9-29b3-4ce5-8c94-f45413b64ccd,Reka Flash (Feb '24),reka-flash-02-2024,2024-02-12,84.947,1.246,1.246,4571a280-f096-486f-b220-dffc3e522b0f,Reka AI,reka-ai,21.7,,,,,,,,0.326,,,,,0.35,0.2,0.8
de39ac4f-856d-42c1-8a61-370435ad36ad,Reka Edge,reka-edge,2024-02-12,84.056,1.171,1.171,4571a280-f096-486f-b220-dffc3e522b0f,Reka AI,reka-ai,21.5,,,,,,,,0.216,,,,,0.1,0.1,0.1
1dcea4f7-7e8b-49f8-abe2-5860ff9f349e,Hermes 3 - Llama-3.1 70B,hermes-3-llama-3-1-70b,2024-08-15,38.493,0.301,0.301,0a2f41cc-2cbc-4949-be54-9fef1319d4a9,Nous Research,nous-research,17.5,21.0,28.1,0.571,0.401,0.041,0.188,0.231,0.538,0.023,,,,0.145,0.1,0.28
387b1a3c-a197-4c55-86c0-438eff604e59,Command-R+ (Aug '24),command-r-plus,2024-08-30,47.808,0.287,0.287,671d3708-c407-4b8f-b350-f728e4689d26,Cohere,cohere,9.5,11.6,20.1,0.427,0.337,0.05,0.111,0.122,0.402,0.0,,,,4.375,2.5,10.0
76361085-f5dc-49ec-b069-fe56ca885933,Command-R+ (Apr '24),command-r-plus-04-2024,2024-04-04,58.073,0.229,0.229,671d3708-c407-4b8f-b350-f728e4689d26,Cohere,cohere,7.8,12.0,14.3,0.432,0.323,0.045,0.122,0.118,0.279,0.007,,,,6.0,3.0,15.0
2868d59e-0da9-4083-b962-177093a755c3,Command-R (Aug '24),command-r,2024-08-30,71.711,0.201,0.201,671d3708-c407-4b8f-b350-f728e4689d26,Cohere,cohere,2.5,6.6,7.6,0.337,0.289,0.051,0.044,0.087,0.149,0.003,,,,0.263,0.15,0.6
abe9f0c7-f4f6-430d-ba42-f45afdd4841b,Command-R (Mar '24),command-r-03-2024,2024-03-12,172.682,0.146,0.146,671d3708-c407-4b8f-b350-f728e4689d26,Cohere,cohere,2.4,5.5,8.5,0.338,0.284,0.048,0.048,0.062,0.164,0.007,,,,0.75,0.5,1.5
aec53acd-bf97-4f4f-93a6-1a94e05824ad,Jamba Instruct,jamba-instruct,2024-05-02,,,,6216c686-bc60-4dbb-9f25-83e9dba803d1,AI21 Labs,ai21-labs,14.5,6.4,,0.343,0.271,0.052,0.046,0.083,0.243,,,,,0.0,0.0,0.0
b4ddb4c8-1400-44ab-8c2b-e2472088e7ff,Jamba 1.5 Large,jamba-1-5-large,2024-08-22,,,,6216c686-bc60-4dbb-9f25-83e9dba803d1,AI21 Labs,ai21-labs,17.7,15.3,32.6,0.572,0.427,0.04,0.143,0.163,0.606,0.047,,,,3.5,2.0,8.0
540ebc58-a2d8-4dc9-ba6b-973efa52fab1,Jamba 1.5 Mini,jamba-1-5-mini,2024-08-22,,,,6216c686-bc60-4dbb-9f25-83e9dba803d1,AI21 Labs,ai21-labs,6.3,7.1,18.3,0.371,0.302,0.051,0.062,0.08,0.357,0.01,,,,0.25,0.2,0.4
e8ffd75b-766f-4551-8c52-6e54706220eb,Jamba 1.6 Mini,jamba-1-6-mini,2025-03-06,164.694,0.617,0.617,6216c686-bc60-4dbb-9f25-83e9dba803d1,AI21 Labs,ai21-labs,5.5,8.6,14.5,0.367,0.3,0.046,0.071,0.101,0.257,0.033,,,,0.25,0.2,0.4
92b19c88-fa87-4595-957e-fe9aa5fa5ad4,Jamba 1.6 Large,jamba-1-6-large,2025-03-06,47.281,0.832,0.832,6216c686-bc60-4dbb-9f25-83e9dba803d1,AI21 Labs,ai21-labs,17.1,17.8,31.3,0.565,0.387,0.04,0.172,0.184,0.58,0.047,,,,3.5,2.0,8.0
b3735511-c6ff-4928-8d72-2181444a4eb3,Arctic Instruct,arctic-instruct,2024-04-24,,,,15568026-a4e1-4088-9709-566d3fb3aee1,Snowflake,snowflake,10.0,,,,,,,,,,,,,0.0,0.0,0.0
b9dc72c6-7bea-4936-a55a-4b0c835fc755,Qwen2.5 Max,qwen-2-5-max,2025-01-28,,,,d874d370-74d3-4fa0-ba00-5272f92f946b,Alibaba,alibaba,34.3,34.8,53.4,0.762,0.587,0.045,0.359,0.337,0.835,0.233,,,,2.8,1.6,6.4
b4f7d7a4-869a-4ee7-b17a-4046cd1e79fd,Qwen2.5 Instruct 72B,qwen2-5-72b-instruct,2024-09-19,,,,d874d370-74d3-4fa0-ba00-5272f92f946b,Alibaba,alibaba,29.2,27.2,50.9,0.72,0.491,0.042,0.276,0.267,0.858,0.16,,,,0.0,0.0,0.0
04586102-6a28-48f8-a82e-85775d7ed779,Qwen2.5 Coder Instruct 32B,qwen2-5-coder-32b-instruct,2024-11-11,52.792,0.538,0.538,d874d370-74d3-4fa0-ba00-5272f92f946b,Alibaba,alibaba,25.0,28.3,44.3,0.635,0.417,0.038,0.295,0.271,0.767,0.12,,,,0.146,0.135,0.18
352f834f-a03c-4117-8a29-c3ccd8a568ce,Qwen2.5 Turbo,qwen-turbo,2024-11-18,,,,d874d370-74d3-4fa0-ba00-5272f92f946b,Alibaba,alibaba,22.1,15.8,46.3,0.633,0.41,0.042,0.163,0.153,0.805,0.12,,,,0.087,0.05,0.2
7656c62b-5345-435b-bf12-b6ce2ca0d58d,Qwen2 Instruct 72B,qwen2-72b-instruct,2024-06-07,,,,d874d370-74d3-4fa0-ba00-5272f92f946b,Alibaba,alibaba,21.1,19.4,42.4,0.622,0.371,0.037,0.159,0.229,0.701,0.147,,,,0.0,0.0,0.0
43573c57-2403-46fb-af4b-a93de9a0c3f5,Qwen3 235B A22B,qwen3-235b-a22b-instruct,2025-04-28,,,,d874d370-74d3-4fa0-ba00-5272f92f946b,Alibaba,alibaba,33.3,32.1,61.4,0.762,0.613,0.047,0.343,0.299,0.902,0.327,0.237,0.366,0.0,1.225,0.7,2.8
8823351e-8232-4c9c-8a1d-cd2c1d2c1196,QwQ 32B-Preview,QwQ-32B-Preview,2024-11-27,61.236,0.546,33.206,d874d370-74d3-4fa0-ba00-5272f92f946b,Alibaba,alibaba,31.5,18.7,68.2,0.648,0.557,0.048,0.337,0.038,0.91,0.453,,,,0.667,0.66,0.69
3e6cf518-a1f4-42d3-8fcf-827c9bd8e6d5,Qwen3 30B A3B (Reasoning),qwen3-30b-a3b-instruct-reasoning,2025-04-28,,,,d874d370-74d3-4fa0-ba00-5272f92f946b,Alibaba,alibaba,42.3,39.5,85.6,0.777,0.616,0.066,0.506,0.285,0.959,0.753,0.723,0.415,0.0,0.75,0.2,2.4
bbe6d782-e630-48d5-b11c-3ce37f373f1e,Qwen3 235B A22B (Reasoning),qwen3-235b-a22b-instruct-reasoning,2025-04-28,,,,d874d370-74d3-4fa0-ba00-5272f92f946b,Alibaba,alibaba,48.4,51.1,88.5,0.828,0.7,0.117,0.622,0.399,0.93,0.84,0.82,0.387,0.0,2.625,0.7,8.4
bf60740e-6aa5-422f-ba49-ef6e9d171205,Qwen3 32B,qwen3-32b-instruct,2025-04-28,,,,d874d370-74d3-4fa0-ba00-5272f92f946b,Alibaba,alibaba,29.8,28.4,58.6,0.727,0.535,0.043,0.288,0.28,0.869,0.303,0.197,0.315,0.0,1.225,0.7,2.8
e46198a7-cd29-4afd-933d-cdf180f0f305,Qwen3 4B,qwen3-4b-instruct,2025-04-28,,,,d874d370-74d3-4fa0-ba00-5272f92f946b,Alibaba,alibaba,23.8,20.0,52.8,0.586,0.398,0.037,0.233,0.167,0.843,0.213,,,,0.188,0.11,0.42
e410e854-104d-4b35-a171-899ff9d974bb,Qwen2.5 Coder Instruct 7B ,qwen2-5-coder-7b-instruct,2024-09-19,,,,d874d370-74d3-4fa0-ba00-5272f92f946b,Alibaba,alibaba,14.9,13.7,35.7,0.473,0.339,0.048,0.126,0.148,0.66,0.053,,,,0.0,0.0,0.0
b00ecd62-a53f-4aed-b833-3e9d6b0170ba,Qwen3 32B (Reasoning),qwen3-32b-instruct-reasoning,2025-04-28,,,,d874d370-74d3-4fa0-ba00-5272f92f946b,Alibaba,alibaba,44.3,45.0,88.4,0.798,0.668,0.083,0.546,0.354,0.961,0.807,0.73,0.363,0.0,2.625,0.7,8.4
1d0db5a3-3132-4213-a94b-c2e395d08283,Qwen2.5 Instruct 32B,qwen2.5-32b-instruct,2024-09-19,,,,d874d370-74d3-4fa0-ba00-5272f92f946b,Alibaba,alibaba,26.1,23.8,45.8,0.697,0.466,0.038,0.248,0.229,0.805,0.11,,,,0.146,0.095,0.3
4559e9f0-8aad-4681-89fb-68cb915e0f16,Qwen3 14B (Reasoning),qwen3-14b-instruct-reasoning,2025-04-28,,,,d874d370-74d3-4fa0-ba00-5272f92f946b,Alibaba,alibaba,45.2,41.9,86.2,0.774,0.604,0.043,0.523,0.316,0.961,0.763,,,,1.313,0.35,4.2
f3169f25-8c6f-48e4-ae87-0cf872dc0ec1,Qwen3 30B A3B,qwen3-30b-a3b-instruct,2025-04-28,,,,d874d370-74d3-4fa0-ba00-5272f92f946b,Alibaba,alibaba,29.9,29.3,56.1,0.71,0.515,0.046,0.322,0.264,0.863,0.26,0.217,0.319,0.0,0.35,0.2,0.8
4ae6c88d-9e4a-4850-89fe-18a1c04a66cc,Qwen3 0.6B (Reasoning),qwen3-0.6b-instruct-reasoning,2025-04-28,,,,d874d370-74d3-4fa0-ba00-5272f92f946b,Alibaba,alibaba,11.3,7.4,42.5,0.347,0.239,0.057,0.121,0.028,0.75,0.1,,,,0.398,0.11,1.26
5962d643-0a6f-4630-bb08-ab5720d80056,Qwen3 1.7B (Reasoning),qwen3-1.7b-instruct-reasoning,2025-04-28,,,,d874d370-74d3-4fa0-ba00-5272f92f946b,Alibaba,alibaba,26.9,17.5,70.2,0.57,0.356,0.048,0.308,0.043,0.894,0.51,,,,0.398,0.11,1.26
d1768b3a-0a21-4e08-b3f6-56a9ab6cfbf3,Qwen1.5 Chat 110B,qwen1.5-110b-chat,2024-04-25,,,,d874d370-74d3-4fa0-ba00-5272f92f946b,Alibaba,alibaba,13.2,,,,0.289,,,,,,,,,0.0,0.0,0.0
ecc6524a-d521-458a-8327-5009e8ce6549,Qwen3 14B,qwen3-14b-instruct,2025-04-28,,,,d874d370-74d3-4fa0-ba00-5272f92f946b,Alibaba,alibaba,29.8,27.3,57.6,0.675,0.47,0.042,0.28,0.265,0.871,0.28,,,,0.613,0.35,1.4
9dba61f5-78ee-4190-8d1d-8e7063ffd386,Qwen3 8B (Reasoning),qwen3-8b-instruct-reasoning,2025-04-28,,,,d874d370-74d3-4fa0-ba00-5272f92f946b,Alibaba,alibaba,40.8,31.6,82.5,0.743,0.589,0.042,0.406,0.226,0.904,0.747,,,,0.66,0.18,2.1
0e5f6140-1154-4583-a3e0-8c032a338892,Qwen3 0.6B,qwen3-0.6b-instruct,2025-04-28,,,,d874d370-74d3-4fa0-ba00-5272f92f946b,Alibaba,alibaba,4.5,5.7,26.9,0.231,0.231,0.052,0.073,0.041,0.521,0.017,,,,0.188,0.11,0.42
191a2097-cce3-49cf-881e-0c790892059f,Qwen3 4B (Reasoning),qwen3-4b-instruct-reasoning,2025-04-28,,,,d874d370-74d3-4fa0-ba00-5272f92f946b,Alibaba,alibaba,36.4,25.0,79.5,0.696,0.522,0.051,0.465,0.035,0.933,0.657,,,,0.398,0.11,1.26
2bb84433-f38e-4edc-9b65-4d7b1f473db9,Qwen3 1.7B,qwen3-1.7b-instruct,2025-04-28,,,,d874d370-74d3-4fa0-ba00-5272f92f946b,Alibaba,alibaba,13.2,9.8,40.7,0.411,0.283,0.052,0.126,0.069,0.717,0.097,,,,0.188,0.11,0.42
b2dd592a-fbc5-458a-b26d-f3964cbab82f,Qwen3 8B,qwen3-8b-instruct,2025-04-28,,,,d874d370-74d3-4fa0-ba00-5272f92f946b,Alibaba,alibaba,25.4,18.5,53.6,0.643,0.452,0.028,0.202,0.168,0.828,0.243,,,,0.31,0.18,0.7
41f73c27-880c-4f30-8b07-9999ce89a4ae,Qwen Chat 72B,qwen-chat-72b,2023-11-30,,,,d874d370-74d3-4fa0-ba00-5272f92f946b,Alibaba,alibaba,10.0,,,,,,,,,,,,,1.0,1.0,1.0
fb779453-2f07-4250-b46e-2223ddda0bd2,Yi-Large,yi-large,2024-05-13,,,,647d7f2e-1c81-44bd-b176-2a04d232ad07,01.AI,01-ai,16.2,14.8,31.4,0.586,0.363,0.032,0.108,0.188,0.562,0.067,,,,0.0,0.0,0.0
8b1a70d1-e05f-426b-9122-023d4629ab47,GPT-3.5 Turbo (0613),gpt-3-5-turbo-0613,,,,,e67e56e3-15cd-43db-b679-da4660a69f41,OpenAI,openai,,,,,,,,,,,,,,0.0,0.0,0.0
